{
    "RandomForest": {
        "accuracy": 0.8875,
        "f1_score": 0.8235294117647058,
        "log_loss": 4.054911006275679,
        "precision": 0.9130434782608695,
        "confusion_matrix": [
            [
                50,
                2
            ],
            [
                7,
                21
            ]
        ]
    },
    "LogReg": {
        "accuracy": 0.9125,
        "f1_score": 0.8813559322033898,
        "log_loss": 3.153819671547751,
        "precision": 0.8387096774193549,
        "confusion_matrix": [
            [
                47,
                5
            ],
            [
                2,
                26
            ]
        ]
    }
}